Element_ID,Stretch_Value
1,1.05199045236
2,1.04560266674
3,1.05400190891
4,1.04687364835
5,1.05278820573
6,1.05614172722
7,1.05469141231
8,1.05545225365
9,1.05038397092
10,1.04043980716
11,1.05095167535
12,1.04130137187
13,1.03780985021
14,1.05254524696
15,1.05616720873
16,1.04827980998
17,1.06426576464
18,1.05184599464
19,1.05136690766
20,1.05582531216
21,1.04240600039
22,1.04322680432
23,1.04357286214
24,1.0493850536
25,1.05473061867
26,1.05605161581
27,1.04620226838
28,1.05715270478
29,1.04652130539
30,1.04157878941
31,1.05389861293
32,1.05671570294
33,1.0591621814
34,1.05791867173
35,1.05480194603
36,1.05206114839
37,1.05736853953
38,1.06139686373
39,1.05150983828
40,1.030181718
41,1.04577125538
42,1.05668679018
43,1.04293126513
44,1.05753190223
45,1.05956031445
46,1.03863642073
47,1.06679785554
48,1.05456886218
49,1.05913086242
50,1.04189335555
51,1.03824844745
52,1.05354144595
53,1.04710752967
54,1.03765968736
55,1.04248194748
56,1.06143263412
57,1.04020795322
58,1.04847475834
59,1.04081657777
60,1.06153708083
61,1.05123211911
62,1.04580020789
63,1.05158665057
64,1.04574405781
65,1.04744812371
66,1.05198372493
67,1.03606548565
68,1.03648759327
69,1.05384256277
70,1.06138521853
71,1.0563766337
72,1.04593996792
73,1.04776204728
74,1.04201359277
75,1.06159911497
76,1.05917275458
77,1.04938910381
78,1.03294093202
79,1.0500629706
80,1.04757678308
81,1.04790793179
82,1.06108637717
83,1.06093227986
84,1.04971234566
85,1.04567713702
86,1.02582556177
87,1.04525922375
88,1.04891774254
89,1.05234368593
90,1.04128975059
91,1.04979409306
92,1.04492056309
93,1.0466415683
94,1.03858051057
95,1.04698563955
96,1.02799782188
97,1.04768330876
98,1.05735362583
99,1.02530323929
100,1.04307984762
101,1.04398186707
102,1.05044307733
103,1.05716658731
104,1.06716256124
105,1.05517936724
106,1.05523268079
107,1.04544024604
108,1.04127190992
109,1.0372679748
110,1.05210428798
111,1.04743745439
112,1.05035188196
113,1.07319533115
114,1.05092496019
115,1.04524975191
116,1.04209730903
117,1.04860791646
118,1.04975597322
119,1.02642448048
120,1.05684807464
121,1.04390542501
122,1.03183475406
123,1.03092422438
124,1.06145433208
125,1.05476123887
126,1.05584112445
127,1.07256916209
128,1.05095694086
129,1.05070320249
130,1.04677206719
131,1.04802711713
132,1.06183671551
133,1.04470868144
134,1.05311803583
135,1.05468291995
136,1.05006355014
137,1.057055593
138,1.07825422725
139,1.03538340695
140,1.0444561528
141,1.04390755867
142,1.04712467515
143,1.04780802228
144,1.02942335004
145,1.04443879879
146,1.04388610409
147,1.05112944142
148,1.02929559369
149,1.04235079335
150,1.05614351956
151,1.05947218543
152,1.0306375881
153,1.04616273177
154,1.05294086235
155,1.03422729663
156,1.0350083737
157,1.0524446855
158,1.06132731144
159,1.04993369484
160,1.02059454402
161,1.07680125974
162,1.05555432272
163,1.04737974167
164,1.03585115256
165,1.03793549596
166,1.0229472424
167,1.05079361689
168,1.03688852322
169,1.05218114723
170,1.04584302127
171,1.03788353014
172,1.05003997575
173,1.0356940019
174,1.05999776644
175,1.05789202675
176,1.02214944258
177,1.05230846352
178,1.06169618911
179,1.02661165447
180,1.02604085679
181,1.05701347194
182,1.05379154535
183,1.04163945589
184,1.05847531047
185,1.0472892954
186,1.065778475
187,1.04148279998
188,1.0503265873
189,1.02027977444
190,1.03990076713
191,1.03608641701
192,1.05374106746
193,1.03972290166
194,1.05478262906
195,1.05684807464
196,1.03874883469
197,1.04375933049
198,1.05684807464
199,1.03592190049
200,1.04223237641
201,1.02302589674
202,1.07243188442
203,1.0553211199
204,1.05481994565
205,1.05983362736
206,1.06110848287
207,1.0584369579
208,1.02802565098
209,1.05555432272
210,1.04304571494
211,1.02267206719
212,1.06077835641
213,1.02161264927
214,1.02850287485
215,1.07493239309
216,1.04980185895
217,1.05154417997
218,1.02737603978
219,1.06334294067
220,1.04626494915
221,1.04702722834
222,1.05361126917
223,1.03581004459
224,1.03194375729
225,1.03504003454
226,1.04088884135
227,1.05185338826
228,1.04326407799
229,1.04378839724
230,1.05522804546
231,1.03006105105
232,1.02891285859
233,1.02564668371
234,1.04087109684
235,1.05059372555
236,1.04979426918
237,1.03852613959
238,1.03454507608
239,1.04850968089
240,1.04853055093
241,1.02945088938
242,1.05347734429
243,1.0528258907
244,1.02815041925
245,1.05788456299
246,1.02582658279
247,1.05542825892
248,1.05348470784
249,1.054286809
250,1.04792345453
251,1.03554700795
252,1.0528258907
253,1.0508988992
254,1.04850197311
255,1.04056253961
256,1.04981909117
257,1.02758657937
258,1.03602587749
259,1.05272265393
260,1.05178523676
261,1.04014058475
262,1.03743891937
263,1.0450091776
264,1.05232470086
265,1.04220921962
266,1.03329655423
267,1.05272265393
268,1.03848898708
269,1.0427822784
270,1.02336337397
271,1.04301863963
272,1.02338939089
273,1.04760346924
274,1.03742348721
275,1.04744212796
276,1.03927175774
277,1.05788456299
278,1.04746480101
279,1.02325595884
280,1.04496618071
281,1.07405941523
282,1.04490722409
283,1.07540234009
284,1.07261048656
285,1.07235292469
286,1.07529985547
287,1.07864086187
288,1.07319533115
289,1.07533975921
290,1.07429314365
291,1.07399264584
292,1.04783460146
293,1.05272265393
294,1.05705455394
295,1.06820502473
296,1.06682856391
297,1.07864086187
298,1.0721174556
299,1.07726423681
300,1.07786210921
301,1.07203323521
302,1.07775111882
303,1.07219536875
304,1.07775111882
305,1.05010091173
306,1.03662012372
307,1.07738779741
308,1.07724295857
309,1.07072474613
310,1.07023565183
311,1.06484163748
312,1.06514209291
313,1.06657188439
314,1.05319234685
315,1.05472294015
316,1.06357451809
317,1.05273967842
318,1.06143216201
319,1.03121858508
320,1.06649228151
321,1.06690820795
322,1.0394715646
323,1.05345570248
324,1.04576148517
325,1.07009058763
326,1.06824852843
327,1.05370796616
328,1.05485270769
329,1.04351185564
330,1.06377842671
331,1.05421198934
332,1.06063972314
333,1.0500323248
334,1.06365133756
335,1.04141415083
336,1.06941980102
337,1.04590944328
338,1.04293764702
339,1.04207191139
340,1.04997451214
341,1.02921191954
342,1.059543381
343,1.04164950541
344,1.03601442443
345,1.04214025794
346,1.02686266119
347,1.05887610344
348,1.04087800814
349,1.06330132314
350,1.034688442
351,1.03317403913
352,1.04523427701
353,1.04539079078
354,1.04135908922
355,1.04504825696
356,1.04562849148
357,1.03914417071
358,1.03651111204
359,1.03404717021
360,1.04103940993
361,1.05460517425
362,1.034087037
363,1.03202632286
364,1.02952312834
365,1.04638879694
366,1.0306843233
367,1.03112346508
368,1.05248442608
369,1.0560894269
370,1.05286903994
371,1.02938622968
372,1.05058221538
373,1.03018066408
374,1.03014518663
375,1.02417764147
376,1.02414388339
377,1.05553987927
378,1.03802680546
379,1.05526013926
380,1.03115216368
381,1.06535512975
382,1.0481128406
383,1.02577785343
384,1.02683209836
385,1.02487305646
386,1.03324748744
387,1.0252441939
388,1.02566912912
389,1.0307403256
390,1.02450654506
391,1.02600227195
392,1.05397200145
393,1.042103185
394,1.02556271779
395,1.02256234354
396,1.0407717214
397,1.02557418263
398,1.02256412988
399,1.02608566264
400,1.04424595093
401,1.03544628943
402,1.05619052318
403,1.02584927629
404,1.03472972789
405,1.03291799628
406,1.02325687683
407,1.02293718198
408,1.06275906774
409,1.02293316917
410,1.02141636391
411,1.02253552146
412,1.02252494754
413,1.0437109916
414,1.03413392163
415,1.04287657088
416,1.02366333851
417,1.02366687075
418,1.0655832102
419,1.04768250407
420,1.01909670654
421,1.04279842075
422,1.03461675051
423,1.02272200213
424,1.04556245312
425,1.0548217028
426,1.04417329682
427,1.0529002657
428,1.02273256844
429,1.02468776991
430,1.02270693396
431,1.02277902138
432,1.02220471294
433,1.02463895956
434,1.02684490696
435,1.0440021992
436,1.04537508654
437,1.02154458029
438,1.0216516469
439,1.02271338875
440,1.02300643422
441,1.04294977254
442,1.02143910073
443,1.02027685754
444,1.0240267451
445,1.02489595335
446,1.04115891342
447,1.02261619019
448,1.05341180089
449,1.03075715916
450,1.02350962199
451,1.04397861162
452,1.04817174348
453,1.02397129622
454,1.02379085237
455,1.02558029336
456,1.02309697998
457,1.02864543158
458,1.03036123798
459,1.02915046341
460,1.02027977444
461,1.04492072273
462,1.05074641689
463,1.0478490099
464,1.05758237057
465,1.05273967842
466,1.06263784231
467,1.05702626054
468,1.03094662177
469,1.05448207778
470,1.04812840491
471,1.04523415969
472,1.02470553552
473,1.03241116055
474,1.02617806338
475,1.03313734313
476,1.03137393361
477,1.03579521865
478,1.03605875408
479,1.03669956086
480,1.03905572228
481,1.03932375486
482,1.03496529724
483,1.04469884866
484,1.03278068314
485,1.04438099549
486,1.03204707248
487,1.03748585203
488,1.03868659613
489,1.03881678847
490,1.04396694925
491,1.04058142663
492,1.03957453345
493,1.04919411547
494,1.04635931039
495,1.03460761625
496,1.04251780608
497,1.04318804548
498,1.04287604871
499,1.04356520587
500,1.04607880989
501,1.03737583197
502,1.04169182122
503,1.04647171663
504,1.04640751987
505,1.04823666895
506,1.0480290582
507,1.05224256758
508,1.04973497363
509,1.03487847515
510,1.03694458967
511,1.04823297045
512,1.05112430413
513,1.04528662458
514,1.05281444755
515,1.05036086824
516,1.05319599475
517,1.05325908755
518,1.06495246137
519,1.06439399568
520,1.06216828742
521,1.05646477053
522,1.04489243061
523,1.06392593207
524,1.04424197166
525,1.06643132534
526,1.04362642402
527,1.06232510188
528,1.03667847998
529,1.06484478432
530,1.05747213262
531,1.03781122667
532,1.05834301971
533,1.04385993998
534,1.05276446895
535,1.04461114036
536,1.07066575069
537,1.0234529135
538,1.05488658762
539,1.0553714109
540,1.07377512604
541,1.07333957224
542,1.07422869941
543,1.04714719526
544,1.07360481867
545,1.07409262264
546,1.07973758009
547,1.08363919519
548,1.08199413192
549,1.08225362446
550,1.08363919519
551,1.07989143217
552,1.07627278613
553,1.07627278613
554,1.07615302374
555,1.07619861636
556,1.07978315909
557,1.07983089688
558,1.08046000683
559,1.08055644102
560,1.07452281758
561,1.07452281758
562,1.0798482124
563,1.07627278613
564,1.07640493665
565,1.07632451235
566,1.07524912668
567,1.07587953677
568,1.08147225607
569,1.08122014412
570,1.07176398377
571,1.07131989434
572,1.07782242845
573,1.07300471742
574,1.06270381021
575,1.07782242845
576,1.07339408488
577,1.07856876882
578,1.07842963361
579,1.07322750113
580,1.07636698654
581,1.06239623648
582,1.06193956273
583,1.06467751333
584,1.04545533484
585,1.06571975944
586,1.0660751162
587,1.05477344886
588,1.05498463985
589,1.04489405531
590,1.05778163455
591,1.0523199126
592,1.0625824482
593,1.05388506266
594,1.04952209768
595,1.05436121876
596,1.05236198468
597,1.04986923665
598,1.05156481221
599,1.05046393855
600,1.04302795829
601,1.05025621793
602,1.05392553842
603,1.03509650314
604,1.05165451071
605,1.0568358518
606,1.0409379664
607,1.03680591394
608,1.05129651925
609,1.05258128945
610,1.04742877105
611,1.03774090904
612,1.04734613188
613,1.05423772994
614,1.05578790084
615,1.04481710252
616,1.04628430939
617,1.05844269355
618,1.05199556334
619,1.05559157093
620,1.05849418587
621,1.04439597942
622,1.05546896491
623,1.05230633807
624,1.03838005059
625,1.02778365424
626,1.03511088643
627,1.02465473471
628,1.02442562869
629,1.04842484023
630,1.05559215067
631,1.05923324192
632,1.0709709607
633,1.0783823403
634,1.04686452047
635,1.03510394101
636,1.03146367506
637,1.04274543914
638,1.04364947052
639,1.06286336105
640,1.04847854981
641,1.04317698186
642,1.02267397338
643,1.05131482046
644,1.05934802647
645,1.06189789143
646,1.06238863057
647,1.05886495773
648,1.0337415339
649,1.07258419864
650,1.07256846963
651,1.0460611434
652,1.06178211888
653,1.04795154148
654,1.03349010303
655,1.0275906525
656,1.02882691178
657,1.05769439252
658,1.02990828674
659,1.02921455613
660,1.05030442602
661,1.02843146289
662,1.02865880956
663,1.06165070878
664,1.03492927269
665,1.04388180764
666,1.03299502738
667,1.03165876628
668,1.03214604219
669,1.06170739066
670,1.03596441334
671,1.0369859962
672,1.04577502511
673,1.03262664588
674,1.0436462281
675,1.04143035524
676,1.03445302017
677,1.04636259745
678,1.05673822554
679,1.05280547485
680,1.05062181002
681,1.03075224303
682,1.03502932916
683,1.04062523611
684,1.05779782092
685,1.05400046941
686,1.05325332117
687,1.0612708547
688,1.06049396258
689,1.0691579336
690,1.06804136599
691,1.06868652082
692,1.06825067021
693,1.06445506441
694,1.02067250675
695,1.0522535748
696,1.07331874152
697,1.07407810386
698,1.07367532713
699,1.07364724691
700,1.07250750481
701,1.07364724691
702,1.07669549353
703,1.07365177863
704,1.07485596929
705,1.07493352682
706,1.05788456299
707,1.07555674987
708,1.07322750113
709,1.07934767601
710,1.03360541541
711,1.02671862413
712,1.06759095499
713,1.06730535857
714,1.05656183324
715,1.04153291781
716,1.05764049261
717,1.04202885936
718,1.04158800976
719,1.05215596727
720,1.04646214826
721,1.03140343665
722,1.03096237226
723,1.0495616098
724,1.06687900441
725,1.03895015543
726,1.0385441576
727,1.04563875064
728,1.04755014463
729,1.05874444361
730,1.02850332555
731,1.05826422385
732,1.05387220947
733,1.03019164441
734,1.05613281377
735,1.05634998941
736,1.03650088959
737,1.03366839724
738,1.03478691715
739,1.03994873154
740,1.04399443474
741,1.05376443024
742,1.06622569323
743,1.06859063243
744,1.07117076423
745,1.0515760852
746,1.06643194061
747,1.0665421735
748,1.07813676202
749,1.07555674987
750,1.07943736279
751,1.07974461126
752,1.07322750113
753,1.06259561241
754,1.06248053294
755,1.07407190296
756,1.05898504276
757,1.05323463483
758,1.05422501022
759,1.04065944614
760,1.03559440034
761,1.03376886463
762,1.06264064405
763,1.03188096823
764,1.02770371059
765,1.02336743013
766,1.02536112741
767,1.02875520526
768,1.04434260885
769,1.04832010807
770,1.0564848557
771,1.045065708
772,1.03823342155
773,1.02856346879
774,1.04037099806
775,1.05563073702
776,1.03254391238
777,1.03671262667
778,1.03724085674
779,1.0409724449
780,1.03219290794
781,1.05506607097
782,1.06274259003
783,1.06329894648
784,1.06380787874
785,1.07818725052
786,1.07810594731
787,1.07531997042
788,1.07290430561
789,1.07229486807
790,1.07403176634
791,1.08044235811
792,1.08024311232
793,1.07974461126
794,1.06380588428
795,1.05038887786
796,1.0530815738
797,1.04165955579
798,1.0354016554
799,1.04145267853
800,1.03689923126
801,1.03872754253
802,1.08030195861
803,1.03271057724
804,1.0310473578
805,1.02840996044
806,1.02908113132
807,1.06483672602
808,1.05636656812
809,1.02523612282
810,1.0258491041
811,1.0246466257
812,1.02460513318
813,1.02438800274
814,1.02370210019
815,1.02552851649
816,1.02055544347
817,1.02819705365
818,1.03232623695
819,1.03081761658
820,1.03020589887
821,1.03328351635
822,1.03647994643
823,1.03672068957
824,1.03501681308
825,1.04338854328
826,1.03230209996
827,1.05880110874
828,1.04129205228
829,1.06498453407
830,1.05649585199
831,1.04154740781
832,1.07007360772
833,1.07531997042
834,1.06858259623
835,1.06737886283
836,1.07699178157
837,1.07690392796
838,1.08107939509
839,1.03845229775
840,1.06179637207
841,1.05523268079
842,1.03802981466
843,1.06258245075
844,1.04924247446
845,1.04791777542
846,1.0252352901
847,1.04549742801
848,1.05027166048
849,1.02968476685
850,1.03169741215
851,1.05592711292
852,1.03114493881
853,1.04265412301
854,1.0469932821
855,1.02664664352
856,1.03806721659
857,1.04314644634
858,1.01998891484
859,1.01998920031
860,1.06204716534
861,1.04978496402
862,1.04971720248
863,1.06874666092
864,1.06277406521
865,1.03229074695
866,1.03024769028
867,1.03107848883
868,1.03506509894
869,1.04374828409
870,1.02926199549
871,1.05281060584
872,1.05350683408
873,1.06970650929
874,1.06434989391
875,1.08015636404
876,1.06128460367
877,1.06150351048
878,1.05702502729
879,1.04838076623
880,1.03992363134
881,1.03574028513
882,1.03456688229
883,1.05535584864
884,1.02671850465
885,1.02016188284
886,1.05169670234
887,1.02194209356
888,1.02259272287
889,1.04721729343
890,1.05187792446
891,1.03596341165
892,1.03839798828
893,1.02264250665
894,1.05427928898
895,1.06496147781
896,1.07216640905
897,1.0756642798
898,1.0767220757
899,1.07825422725
900,1.04783128487
901,1.05788456299
902,1.04534129573
903,1.08116055865
904,1.06088985512
905,1.08091515027
906,1.06088985512
907,1.07931458333
908,1.06278735215
909,1.07946098535
910,1.05946012701
911,1.06389686917
912,1.02278743089
913,1.04913407367
914,1.03198232045
915,1.05379395371
916,1.05426382063
917,1.04980170865
918,1.04373422806
919,1.0391159742
920,1.05006378835
921,1.03416864769
922,1.06875886117
923,1.03475688499
924,1.03404295977
925,1.03047285271
926,1.03156344846
927,1.03174215878
928,1.0234008485
929,1.02304338907
930,1.02331384261
931,1.0271404514
932,1.02644931111
933,1.02298820711
934,1.0177433731
935,1.01777499651
936,1.02212863958
937,1.02466804719
938,1.02491905253
939,1.02171634677
940,1.02442945238
941,1.02356885379
942,1.02205040404
943,1.02272062939
944,1.02200323865
945,1.02553615497
946,1.04672411624
947,1.02264650781
948,1.03164717951
949,1.03329213829
950,1.03373295357
951,1.03452112551
952,1.03252153675
953,1.03352581455
954,1.03574835684
955,1.03145394294
956,1.04056903698
957,1.05654892519
958,1.05904622476
959,1.04170490567
960,1.05234306929
961,1.05518374473
962,1.05323158496
963,1.05419419521
964,1.04049389144
965,1.07623172336
966,1.07623172336
967,1.06977837403
968,1.0528258907
969,1.04938712172
970,1.05705981114
971,1.0508118347
972,1.05451221749
973,1.06597499145
974,1.06587559038
975,1.05705455394
976,1.032036515
977,1.05176157284
978,1.03908024947
979,1.06350098711
980,1.05189371495
981,1.03600097718
982,1.06587269844
983,1.03804540846
984,1.0389618124
985,1.04598275663
986,1.0512071822
987,1.05410510455
988,1.04646252593
989,1.04234482831
990,1.0271854414
991,1.05627069237
992,1.03230413258
993,1.05310271502
994,1.04976490845
995,1.02214811775
996,1.05166010508
997,1.05495024303
998,1.04752584595
999,1.03640346514
1000,1.02229181276
1001,1.05123409112
1002,1.05529960477
1003,1.05116768886
1004,1.04666950908
1005,1.05274707788
1006,1.04582484918
1007,1.04633176314
1008,1.03028240541
1009,1.0473662369
1010,1.04489545279
1011,1.04435669545
1012,1.05762635015
1013,1.04977987382
1014,1.04767758216
1015,1.05077958782
1016,1.04903379693
1017,1.04940685958
1018,1.0441302388
1019,1.05214090463
1020,1.03047461535
1021,1.04322873823
1022,1.02612846951
1023,1.04883154363
1024,1.07021870093
1025,1.04281486535
1026,1.04175173778
1027,1.03797001379
1028,1.03410501549
1029,1.0341167358
1030,1.05210489632
1031,1.04792429748
1032,1.04849767964
1033,1.05259946196
1034,1.04998145243
1035,1.04973628155
1036,1.03196584962
1037,1.05617250235
1038,1.05036146366
1039,1.04757455356
1040,1.05280828491
1041,1.05262808289
1042,1.05159946227
1043,1.06250223163
1044,1.04859982077
1045,1.0372460093
1046,1.03741963249
1047,1.05256941119
1048,1.0370352265
1049,1.04781400658
1050,1.06342602427
1051,1.02527913329
1052,1.05080130827
1053,1.06088985512
1054,1.04596498725
1055,1.05762637066
1056,1.05585335623
1057,1.05630298383
1058,1.02172854049
1059,1.05093461383
1060,1.05127107832
1061,1.04063068208
1062,1.05742921656
1063,1.05085513375
1064,1.04361542711
1065,1.0527043675
1066,1.04030096304
1067,1.05319754957
1068,1.05321555436
1069,1.05134102359
1070,1.05432437659
1071,1.05387266751
1072,1.05448673655
1073,1.04960970833
1074,1.05600203207
1075,1.03239505315
1076,1.04438786553
1077,1.04555852647
1078,1.04524172663
1079,1.03157127687
1080,1.03570906772
1081,1.05047111753
1082,1.04873525425
1083,1.04489679242
1084,1.04226467979
1085,1.07468430453
1086,1.04608621958
1087,1.04018056964
1088,1.07435482356
1089,1.04515756779
1090,1.03437251929
1091,1.03500624607
1092,1.04402472421
1093,1.04463337246
1094,1.07423156206
1095,1.07412434266
1096,1.04363949936
1097,1.07230470318
1098,1.0574235607
1099,1.04946996893
1100,1.04315620441
1101,1.05539284729
1102,1.04710321665
1103,1.04615693939
1104,1.05586603449
1105,1.07075519943
1106,1.05866271729
1107,1.06834367278
1108,1.05626596112
1109,1.0600005474
1110,1.06015940546
1111,1.05869034886
1112,1.04460289449
1113,1.05603862273
1114,1.04512338029
1115,1.06513473663
1116,1.05247857358
1117,1.06178059315
1118,1.0665155819
1119,1.0557326984
1120,1.07326614939
1121,1.06607327207
1122,1.06610396767
1123,1.10120735225
1124,1.06002535616
1125,1.05881172235
1126,1.07353051606
1127,1.0679006831
1128,1.04197744384
1129,1.04289819718
1130,1.0595717389
1131,1.06541029245
1132,1.06069349539
1133,1.07214982417
1134,1.06340326459
1135,1.0656650472
1136,1.04107518451
1137,1.03957067203
1138,1.05010676802
1139,1.08029346818
1140,1.03798392533
1141,1.04204774379
1142,1.03600538351
1143,1.02809235779
1144,1.02751491047
1145,1.02372376841
1146,1.05792079265
1147,1.04465156668
1148,1.0500563898
1149,1.05782196551
1150,1.057129756
1151,1.05779095196
1152,1.07267000688
1153,1.05002623297
1154,1.05538145504
1155,1.04060566265
1156,1.0541343984
1157,1.05850783739
1158,1.06261862816
1159,1.04300387688
1160,1.05806882732
1161,1.05700897081
1162,1.05777495133
1163,1.04373337636
1164,1.04502197219
1165,1.03775138637
1166,1.07073752915
1167,1.05235567648
1168,1.06451914282
1169,1.0557178508
1170,1.03469566072
1171,1.06238895804
1172,1.05540856851
1173,1.05799763578
1174,1.06386082883
1175,1.03795024486
1176,1.02906245344
1177,1.05298260928
1178,1.04948824861
1179,1.0618468955
1180,1.04121205277
1181,1.04705105304
1182,1.04177569564
1183,1.05335188605
1184,1.03251400087
1185,1.03733535936
1186,1.0481695078
1187,1.05537784045
1188,1.04743405074
1189,1.05519151106
1190,1.06191954218
1191,1.06604754065
1192,1.06001744135
1193,1.07609635322
1194,1.0469121949
1195,1.05867404024
1196,1.03370703447
1197,1.05384296427
1198,1.05997421465
1199,1.07568949727
1200,1.06669652778
1201,1.05615721909
1202,1.04883573202
1203,1.05484327912
1204,1.05347150659
1205,1.05396094481
1206,1.05738469479
1207,1.04676798297
1208,1.05895421922
1209,1.03145085226
1210,1.04420355541
1211,1.04271632796
1212,1.06109514086
1213,1.05530708559
1214,1.0547485886
1215,1.05777200008
1216,1.04182388449
1217,1.03161986813
1218,1.04982355742
1219,1.05369492302
1220,1.05404240153
1221,1.04213937127
1222,1.05370443433
1223,1.0492298788
1224,1.06000153825
1225,1.05771716763
1226,1.04701969784
1227,1.04506833335
1228,1.04582130974
1229,1.04743867779
1230,1.04815259756
1231,1.06128460367
1232,1.06703446892
1233,1.06034522392
1234,1.0699641759
1235,1.07724185183
1236,1.05782338059
1237,1.05728942866
1238,1.05255983256
1239,1.05749605283
1240,1.03206387861
1241,1.06258114205
1242,1.0796855492
1243,1.03878928381
1244,1.04733641405
1245,1.07107679151
1246,1.07524549888
1247,1.05864562509
1248,1.06561433668
1249,1.0651681444
1250,1.05739112029
1251,1.0564957639
1252,1.05869278313
1253,1.06486780478
1254,1.05493011711
1255,1.05674088068
1256,1.05491696398
1257,1.05661852373
1258,1.06039170386
1259,1.05005645822
1260,1.04736225306
1261,1.04240604002
1262,1.03214658983
1263,1.04458389312
1264,1.05017199124
1265,1.0493276422
1266,1.05846392171
1267,1.02538109558
1268,1.05319207857
1269,1.04329676412
1270,1.03979127669
1271,1.03539775187
1272,1.06066701371
1273,1.02525727817
1274,1.02161571399
1275,1.04710785534
1276,1.04264805224
1277,1.03761063833
1278,1.05440053094
1279,1.04166809192
1280,1.03874608373
1281,1.0484020692
1282,1.04952813867
1283,1.0365314218
1284,1.05338695143
1285,1.03163194581
1286,1.054688398
1287,1.05243939261
1288,1.04920692619
1289,1.03738772168
1290,1.04788409794
1291,1.03281048412
1292,1.04068430344
1293,1.04514881626
1294,1.02629553641
1295,1.02562686977
1296,1.04620080651
1297,1.0340064137
1298,1.04107336893
1299,1.04906398323
1300,1.02672620178
1301,1.03206030979
1302,1.0461517593
1303,1.05671850577
1304,1.0468141412
1305,1.02141423752
1306,1.05037201108
1307,1.02609339808
1308,1.02467533272
1309,1.05583304578
1310,1.06221459592
1311,1.03209257985
1312,1.04870115583
1313,1.04973829287
1314,1.04779891658
1315,1.05095891496
1316,1.05634998941
1317,1.04738390824
1318,1.04728821161
1319,1.02550706561
1320,1.07035904823
1321,1.02845408867
1322,1.02416327101
1323,1.03051356624
1324,1.02468079361
1325,1.03089882646
1326,1.02398443136
1327,1.05503005634
1328,1.05634998941
1329,1.02843978758
1330,1.03323937927
1331,1.03920825658
1332,1.05477702052
1333,1.02357998267
1334,1.04271035819
1335,1.02501784023
1336,1.0333628682
1337,1.03120305476
1338,1.03159146001
1339,1.03121670268
1340,1.04744209876
1341,1.02935033275
1342,1.05126656823
1343,1.05445768492
1344,1.06072584021
1345,1.04273385418
1346,1.05610103549
1347,1.03576068763
1348,1.04175437754
1349,1.02617033654
1350,1.03314578479
1351,1.07102256562
1352,1.05667482309
1353,1.03666472922
1354,1.05204678072
1355,1.03537769487
1356,1.04126286812
1357,1.03935307005
1358,1.0572872093
1359,1.05121465142
1360,1.04159427087
1361,1.05580887863
1362,1.02610527395
1363,1.05785207378
1364,1.03964970343
1365,1.04429731328
1366,1.038928787
1367,1.04769715451
1368,1.04503075766
1369,1.04124865607
1370,1.06281763465
1371,1.05220913277
1372,1.05008926631
1373,1.03453408311
1374,1.04836471859
1375,1.04919379125
1376,1.05773042499
1377,1.0509395434
1378,1.05608941434
1379,1.05143023097
1380,1.05449050013
1381,1.06261459898
1382,1.04834886533
1383,1.04342836294
1384,1.04384336375
1385,1.06350544934
1386,1.06453321361
1387,1.06462083135
1388,1.07551086559
1389,1.05103547572
1390,1.05884350698
1391,1.0428622169
1392,1.04724608087
1393,1.05061570081
1394,1.0510788853
1395,1.04530365402
1396,1.05199117821
1397,1.05209635941
1398,1.05446201335
1399,1.03836420439
1400,1.03805280134
1401,1.06129205371
1402,1.02554154816
1403,1.05881765581
1404,1.06828500702
1405,1.06071822675
1406,1.0684528182
1407,1.06034589331
1408,1.06505846103
1409,1.04106028672
1410,1.04631575435
1411,1.05978675477
1412,1.04291348299
1413,1.03952841836
1414,1.03908431009
1415,1.0578152851
1416,1.05566193859
1417,1.05212997418
1418,1.05053001131
1419,1.02610031518
1420,1.05322638998
1421,1.04539199717
1422,1.05315512907
1423,1.06147941152
1424,1.04176755755
1425,1.06341360315
1426,1.04091666023
1427,1.06635112575
1428,1.04577674944
1429,1.0446257162
1430,1.05997265077
1431,1.04168445623
1432,1.04864822897
1433,1.06317589093
1434,1.04306500871
1435,1.05448796025
1436,1.03408799205
1437,1.0427290707
1438,1.04962769854
1439,1.05639818481
1440,1.03678258679
1441,1.04180077734
1442,1.0387828005
1443,1.02807263793
1444,1.05292574817
1445,1.06388915199
1446,1.03886919205
1447,1.05962504399
1448,1.06061040744
1449,1.04853652809
1450,1.05047366132
1451,1.05723260826
1452,1.05253460332
1453,1.07702216265
1454,1.02155447565
1455,1.05592696516
1456,1.07741789895
1457,1.05356196917
1458,1.0434624226
1459,1.04356667402
1460,1.02313306388
1461,1.03988035246
1462,1.05457632438
1463,1.05273116226
1464,1.06062602281
1465,1.06232756353
1466,1.02273162738
1467,1.06053258217
1468,1.03516212359
1469,1.04483407667
1470,1.05081640628
1471,1.05093584266
1472,1.05496933713
1473,1.04662143795
1474,1.05071872527
1475,1.03739581573
1476,1.04888837193
1477,1.05570987517
1478,1.05359960163
1479,1.0513635311
1480,1.04724106998
1481,1.05421128405
1482,1.06129538095
1483,1.06947786825
1484,1.05763348572
1485,1.06416088866
1486,1.05337384621
1487,1.06003113957
1488,1.04540682459
1489,1.04505925042
1490,1.0637094894
1491,1.07863781717
1492,1.05888754735
1493,1.06945161506
1494,1.03553933895
1495,1.07003540639
1496,1.0525078128
1497,1.063159401
1498,1.03869706076
1499,1.05321598322
1500,1.0454265711
1501,1.04372371009
1502,1.05066337509
1503,1.03825864506
1504,1.04646476876
1505,1.0415370569
1506,1.03959367957
1507,1.04676094982
1508,1.04742150556
1509,1.0478513884
1510,1.03755413261
1511,1.04126588149
1512,1.03842950664
1513,1.04339385827
1514,1.04192172951
1515,1.04866575891
1516,1.05653334167
1517,1.0429314307
1518,1.04431418377
1519,1.05328775023
1520,1.05324838999
1521,1.07543721719
1522,1.04488287667
1523,1.05713452511
1524,1.05997063308
1525,1.05877912114
1526,1.0491247093
1527,1.03983253132
1528,1.05100940313
1529,1.0582874055
1530,1.03465194959
1531,1.03334817499
1532,1.02934921365
1533,1.06103187293
1534,1.04843646217
1535,1.01892795748
1536,1.02295049398
1537,1.02320795902
1538,1.05474689241
1539,1.050600068
1540,1.05485247668
1541,1.07304132132
1542,1.06015252089
1543,1.05483240528
1544,1.05197242182
1545,1.03758246069
1546,1.02014436223
1547,1.05297331492
1548,1.0587128
1549,1.02444977444
1550,1.05644046762
1551,1.02282952988
1552,1.05105399672
1553,1.05463151351
1554,1.02341652431
1555,1.03670726594
1556,1.05239266805
1557,1.02335820482
1558,1.02527837769
1559,1.03427523625
1560,1.02093731746
1561,1.03461589799
1562,1.03524551546
1563,1.03378489574
1564,1.06452982861
1565,1.0487898797
1566,1.04198161365
1567,1.03324736095
1568,1.03782292596
1569,1.05068706977
1570,1.03796946413
1571,1.02011311212
1572,1.03463732373
1573,1.04835131755
1574,1.04667583121
1575,1.03574588675
1576,1.01896252854
1577,1.05190850441
1578,1.0464287957
1579,1.05286399035
1580,1.08096054524
1581,1.05782867055
1582,1.0519194283
1583,1.02785937385
1584,1.03770004886
1585,1.02666971548
1586,1.02281450493
1587,1.0426314794
1588,1.02306437307
1589,1.0586336896
1590,1.05342791964
1591,1.02047614423
1592,1.05091562937
1593,1.05241022347
1594,1.06132530777
1595,1.05447717251
1596,1.02106951298
1597,1.0580391133
1598,1.05836020926
1599,1.05300816953
1600,1.05055999795
1601,1.04550635418
1602,1.05563212076
1603,1.04100060752
1604,1.05451089801
1605,1.05379589272
1606,1.04382135945
1607,1.04408932295
1608,1.03873774142
1609,1.05044305248
1610,1.03435805212
1611,1.05126964833
1612,1.03878226729
1613,1.05685526198
1614,1.04927709327
1615,1.06541078539
1616,1.05734577484
1617,1.06462214377
1618,1.04686685243
1619,1.04858971821
1620,1.02364510733
1621,1.05351916911
1622,1.04893610492
1623,1.04355240638
1624,1.05017388951
1625,1.0392709563
1626,1.03696218605
1627,1.02772417186
1628,1.03295101203
1629,1.03917367264
1630,1.03145637479
1631,1.02337392316
1632,1.02310239021
1633,1.02339957092
1634,1.03432874158
1635,1.03594055354
1636,1.02289018714
1637,1.02438988157
1638,1.02669666029
1639,1.02484394065
1640,1.03833968879
1641,1.04334064758
1642,1.0462550548
1643,1.02459502505
1644,1.04783375378
1645,1.05613658825
1646,1.04721278612
1647,1.03456035988
1648,1.04423469229
1649,1.04853991699
1650,1.03704821556
1651,1.04718005098
1652,1.03435424836
1653,1.05509440225
1654,1.04483973156
1655,1.03288233992
1656,1.0574693163
1657,1.0531064814
1658,1.05735852871
1659,1.04028326463
1660,1.04905549248
1661,1.05803310249
1662,1.0578656315
1663,1.05621752668
1664,1.06293275654
1665,1.04077521779
1666,1.05228006309
1667,1.04327159022
1668,1.03717823324
1669,1.05713107171
1670,1.0485450047
1671,1.07467180843
1672,1.03667148289
1673,1.03780354016
1674,1.02926339711
1675,1.04655490183
1676,1.02643807389
1677,1.06068242947
1678,1.02368046739
1679,1.03524136966
1680,1.04946591284
1681,1.04508563058
1682,1.04290546812
1683,1.0564566842
1684,1.06224484948
1685,1.0516072251
1686,1.0512522209
1687,1.05106355969
1688,1.05580251021
1689,1.04351208732
1690,1.04479507912
1691,1.05680926367
1692,1.03460525817
1693,1.04444742386
1694,1.04859400027
1695,1.04778691256
1696,1.03167122997
1697,1.04707982039
1698,1.04222750863
1699,1.0526409301
1700,1.04351953883
1701,1.04716216326
1702,1.05460338358
1703,1.04826410614
1704,1.05885621928
1705,1.03163011632
1706,1.04763835275
1707,1.05820968474
1708,1.03625905691
1709,1.04703253239
1710,1.05217268603
1711,1.04743553972
1712,1.05311303591
1713,1.05159548684
1714,1.03531057557
1715,1.05428818238
1716,1.05260824641
1717,1.03352576745
1718,1.05020738046
1719,1.05526809903
1720,1.03367307249
1721,1.04227417002
1722,1.04728358977
1723,1.0555113381
1724,1.04250467821
1725,1.03726827144
1726,1.06087669247
1727,1.05632687013
1728,1.03353799348
1729,1.05950057667
1730,1.03371671957
1731,1.03977173244
1732,1.0506279299
1733,1.06251844889
1734,1.06290595156
1735,1.0559055106
1736,1.05208897925
1737,1.04717168026
1738,1.04665274314
1739,1.0561619933
1740,1.05523329144
1741,1.05386107263
1742,1.05453159402
1743,1.04360350545
1744,1.06288498347
1745,1.04889533767
1746,1.05296435143
1747,1.04563868978
1748,1.04202625836
1749,1.05953068405
1750,1.04510735793
1751,1.01756360049
1752,1.0511145893
1753,1.04767014524
1754,1.02945032929
1755,1.02916132932
1756,1.03770074855
1757,1.06677375724
1758,1.05963937458
1759,1.05935389551
1760,1.0602958087
1761,1.06372177099
1762,1.04953876186
1763,1.04550545441
1764,1.03369935921
1765,1.04888130597
1766,1.045914186
1767,1.04050985621
1768,1.06353981644
1769,1.05743795616
1770,1.06103709775
1771,1.05428819769
1772,1.07779966885
1773,1.05200745602
1774,1.04693322489
1775,1.05498959462
1776,1.05317292888
1777,1.05455941242
1778,1.07738603748
1779,1.05340493089
1780,1.07551093944
1781,1.03748888554
1782,1.07190354933
1783,1.0358189055
1784,1.05026237167
1785,1.0559575164
1786,1.07703790537
1787,1.03578352888
1788,1.04370679076
1789,1.0515839025
1790,1.05832716191
1791,1.05572053416
1792,1.04422069215
1793,1.05119330288
1794,1.07524014002
1795,1.05705402187
1796,1.08032446856
1797,1.04675664429
1798,1.04992228159
1799,1.0289480145
1800,1.04305863265
1801,1.03926477284
1802,1.04783665891
1803,1.05393638778
1804,1.04705645295
1805,1.0302337718
1806,1.04910645563
1807,1.04474779943
1808,1.04805768107
1809,1.04022629068
1810,1.05273249776
1811,1.03785173776
1812,1.04983498578
1813,1.03721442388
1814,1.0756642798
1815,1.05258718292
1816,1.05204810093
1817,1.06808555182
1818,1.05962905016
1819,1.05483295093
1820,1.03722461669
1821,1.05569640022
1822,1.03854281404
1823,1.04578399756
1824,1.03841654365
1825,1.02370766211
1826,1.05726751613
1827,1.05048520328
1828,1.04161512196
1829,1.04307605196
1830,1.04601013502
1831,1.04396733055
1832,1.04385648214
1833,1.0574295836
1834,1.05181648356
1835,1.04547181694
1836,1.04084126074
1837,1.07189337924
1838,1.03217903659
1839,1.04593703224
1840,1.06102891525
1841,1.06262449442
1842,1.0362521411
1843,1.03861035625
1844,1.03750441126
1845,1.04108368378
1846,1.03686361143
1847,1.02809224219
1848,1.02475932917
1849,1.05653660499
1850,1.06228027848
1851,1.0497107188
1852,1.06245887764
1853,1.05648796969
1854,1.03468370727
1855,1.04287642475
1856,1.0423079522
1857,1.03049315046
1858,1.03299036769
1859,1.05149193137
1860,1.05160152227
1861,1.0462673557
1862,1.05426950752
1863,1.05167127508
1864,1.04504826074
1865,1.04486962883
1866,1.04718931922
1867,1.04591209878
1868,1.05282332673
1869,1.03873413879
1870,1.06699460624
1871,1.03335476134
1872,1.06160642749
1873,1.05717830213
1874,1.04748836667
1875,1.02482221614
1876,1.03578511833
1877,1.03241324815
1878,1.05144512495
1879,1.04246783147
1880,1.0565721811
1881,1.03223994143
1882,1.08268757368
1883,1.05684807464
1884,1.0453587043
1885,1.04436434856
1886,1.03833489806
1887,1.05572797261
1888,1.04732743327
1889,1.02598367433
1890,1.03685633384
1891,1.06882512648
1892,1.02345445822
1893,1.04913544454
1894,1.05802180733
1895,1.04806293281
1896,1.08044031226
1897,1.05789766431
1898,1.04443397923
1899,1.04890091133
1900,1.03433489923
1901,1.05487278367
1902,1.06160768729
1903,1.05714796473
1904,1.06163694251
1905,1.05500358733
1906,1.04687191108
1907,1.04868131658
1908,1.0577509119
1909,1.05423940568
1910,1.05126609617
1911,1.05503241814
1912,1.05061375538
1913,1.05076105805
1914,1.03964685996
1915,1.0523354547
1916,1.05314913952
1917,1.04501274954
1918,1.04862492937
1919,1.05856788088
1920,1.05135550483
1921,1.04518701987
1922,1.03970121015
1923,1.04304870232
1924,1.05680018209
1925,1.05739223367
1926,1.057350181
1927,1.04298247494
1928,1.0441134257
1929,1.05510791742
1930,1.04968458811
1931,1.03384562352
1932,1.05697528244
1933,1.05144870379
1934,1.05227186611
1935,1.04436967963
1936,1.05118476006
1937,1.05978640149
1938,1.05446632307
1939,1.0381054492
1940,1.06064206702
1941,1.05768159407
1942,1.06686278639
1943,1.02609175995
1944,1.06026312954
1945,1.06054512609
1946,1.05744998362
1947,1.0413046108
1948,1.05028270368
1949,1.0564315562
1950,1.0543490797
1951,1.04097343567
1952,1.03879197312
1953,1.05238571157
1954,1.05829124246
1955,1.05499801999
1956,1.05375171064
1957,1.06082872561
1958,1.04052637382
1959,1.0237586285
1960,1.03731374512
1961,1.05139608947
1962,1.04859325289
1963,1.0450412117
1964,1.03492574744
1965,1.05352759963
1966,1.05510335071
1967,1.03660229405
1968,1.04716063289
1969,1.03941949804
1970,1.06887925449
1971,1.05150519122
1972,1.04858131815
1973,1.03945840095
1974,1.04126910906
1975,1.02588973184
1976,1.03262636059
1977,1.04938849145
1978,1.04332595563
1979,1.0423054869
1980,1.04260414641
1981,1.05397238624
1982,1.05281356134
1983,1.05339532314
1984,1.03907844305
1985,1.03573719324
1986,1.0502479346
1987,1.05441850185
1988,1.0385763561
1989,1.0320364509
1990,1.04583079927
1991,1.03653359882
1992,1.04425614457
1993,1.03246372056
1994,1.04617354194
1995,1.06655587724
1996,1.03465924594
1997,1.04788588198
1998,1.0275324799
1999,1.04450909628
2000,1.03080388984
2001,1.02581932119
2002,1.03565730508
2003,1.05453446771
2004,1.02967413197
2005,1.02858064276
2006,1.06153145696
2007,1.0477720587
2008,1.03629990193
2009,1.04911721842
2010,1.04240011157
2011,1.0390120763
2012,1.03065221614
2013,1.05144736928
2014,1.03855644769
2015,1.03524038334
2016,1.03495557682
2017,1.04564308662
2018,1.0328395816
2019,1.036480652
2020,1.0540459366
2021,1.04443899358
2022,1.05698958892
2023,1.06288191676
2024,1.05532941597
2025,1.03543659878
2026,1.04918594554
2027,1.02317867943
2028,1.04502136718
2029,1.04603467429
2030,1.04505225922
2031,1.04871071605
2032,1.03674006726
2033,1.03913323916
2034,1.04795079826
2035,1.04073200891
2036,1.03905407634
2037,1.05994533876
2038,1.04408905591
2039,1.04438663098
2040,1.05346185168
2041,1.04154842711
2042,1.03924180794
2043,1.0597022791
2044,1.03698913365
2045,1.05424724119
2046,1.05896224382
2047,1.05521772922
2048,1.0453957
2049,1.04988866029
2050,1.06215569776
2051,1.03958409508
2052,1.04037713235
2053,1.05922090721
2054,1.0644198877
2055,1.05337881589
2056,1.05743704396
2057,1.05126685222
2058,1.06084783054
2059,1.06153859412
2060,1.03812823895
2061,1.04048204926
2062,1.05358193902
2063,1.05420068674
2064,1.05107911136
2065,1.05868792161
2066,1.05232863424
2067,1.0502733152
2068,1.04885426711
2069,1.04644649677
2070,1.05945107582
2071,1.04382997609
2072,1.0669232947
2073,1.04524377194
2074,1.04820222825
2075,1.05684271243
2076,1.04571223339
2077,1.0448944032
2078,1.07793255382
2079,1.05049951018
2080,1.0595290525
2081,1.04843405636
2082,1.03958917878
2083,1.03823042637
2084,1.02257748117
2085,1.04787035086
2086,1.04619856261
2087,1.03621145297
2088,1.04897974106
2089,1.05905945244
2090,1.03838140866
2091,1.03855260454
2092,1.04711970458
2093,1.04063183599
2094,1.04362110971
2095,1.05611190656
2096,1.05068142249
2097,1.05913142662
2098,1.05226248418
2099,1.04752135148
2100,1.05228194497
2101,1.05247607774
2102,1.02466973305
2103,1.03589847056
2104,1.03900634612
2105,1.03676810743
2106,1.0225755035
2107,1.05185635105
2108,1.0372329258
2109,1.03920846248
2110,1.04176979033
2111,1.04023836781
2112,1.05209873666
2113,1.04413561965
2114,1.05357047613
2115,1.04880042414
2116,1.05190766564
2117,1.04265300633
2118,1.05241740029
2119,1.04797667785
2120,1.05262805066
2121,1.0500866015
2122,1.05400381977
2123,1.05548920002
2124,1.049183897
2125,1.06289565121
2126,1.05970419693
2127,1.05960984534
2128,1.04767191434
2129,1.06509595353
2130,1.06717451708
2131,1.05358653646
2132,1.04627770831
2133,1.04681738137
2134,1.05209899968
2135,1.04741899504
2136,1.03991262313
2137,1.05867673459
2138,1.04811060923
2139,1.0371245372
2140,1.04520435388
2141,1.05148327133
2142,1.04703558571
2143,1.0466628557
2144,1.05544670646
2145,1.05028253672
2146,1.05817191987
2147,1.03795644507
2148,1.04237445994
2149,1.03945207701
2150,1.03883347804
2151,1.04853381271
2152,1.06265302208
2153,1.0529274718
2154,1.03427733196
2155,1.03585631357
2156,1.03772668438
2157,1.02323682701
2158,1.03679994216
2159,1.03672922613
2160,1.04286638953
2161,1.03429852018
2162,1.05061263034
2163,1.04000407249
2164,1.04996325497
2165,1.04341158411
2166,1.04819317001
2167,1.03204422334
2168,1.04765017787
2169,1.04002856911
2170,1.04325852461
2171,1.03747922986
2172,1.04583091353
2173,1.04807665046
2174,1.04174081259
2175,1.03504771964
2176,1.04266203105
2177,1.04999476888
2178,1.05068073741
2179,1.04042707284
2180,1.05220128524
2181,1.05535326413
2182,1.04858443099
2183,1.04382480488
2184,1.04474505115
2185,1.03587380614
2186,1.03980690601
2187,1.05836113678
2188,1.05995339693
2189,1.0384815379
2190,1.05286567416
2191,1.06367501012
2192,1.05810141136
2193,1.04583792659
2194,1.02804113364
2195,1.04547567305
2196,1.03308321219
2197,1.03775317679
2198,1.02555532975
2199,1.04163419984
2200,1.03900284792
2201,1.04000409972
2202,1.04131012328
2203,1.04588339268
2204,1.02195845047
2205,1.03871335061
2206,1.0434408222
2207,1.05106139656
2208,1.05077292409
2209,1.03075989003
2210,1.05579091611
2211,1.0429669149
2212,1.04455669775
2213,1.03825176701
2214,1.04633665348
2215,1.05192281095
2216,1.04499149062
2217,1.04717576383
2218,1.04772822456
2219,1.04797902416
2220,1.04318717269
2221,1.03786886556
2222,1.03859931256
2223,1.02195665861
2224,1.04865772574
2225,1.05273967842
2226,1.02782370576
2227,1.05723282398
2228,1.06091305255
2229,1.03919879987
2230,1.02700260665
2231,1.04907120798
2232,1.0573672893
2233,1.04703558571
2234,1.05591379281
2235,1.05376212775
2236,1.04717577889
2237,1.04525977486
2238,1.04696908242
2239,1.06325038932
2240,1.03650158318
2241,1.06273931595
2242,1.05871789687
2243,1.05132244108
2244,1.05170655168
2245,1.05364129197
2246,1.05706923719
2247,1.05378201745
2248,1.05063511868
2249,1.04916104989
2250,1.04853336634
2251,1.02214892362
2252,1.05644014421
2253,1.04532329682
2254,1.05521193504
2255,1.04703558571
2256,1.03920364676
2257,1.04972392648
2258,1.04753864061
2259,1.02117254322
2260,1.04570177806
2261,1.03218785658
2262,1.03943503684
2263,1.04165047566
2264,1.04703558571
2265,1.04832801556
2266,1.03861484528
2267,1.05619814363
2268,1.04322922507
2269,1.02065452874
2270,1.07125844936
2271,1.06222462752
2272,1.05398133018
2273,1.04864261031
2274,1.05307839349
2275,1.05259167951
2276,1.05343627116
2277,1.04950609467
2278,1.05859609847
2279,1.0504334194
2280,1.05246500094
2281,1.05068554906
2282,1.05046953788
2283,1.04364513101
2284,1.04752393179
2285,1.05536281171
2286,1.05161656122
2287,1.04644860405
2288,1.05083288878
2289,1.03589816617
2290,1.04907548705
2291,1.02775251485
2292,1.03063406756
2293,1.05236389091
2294,1.02319819327
2295,1.02027977444
2296,1.04338909276
2297,1.05201731245
2298,1.05183931876
2299,1.0481171286
2300,1.04729713404
2301,1.05672267957
2302,1.04534831522
2303,1.05197433534
2304,1.04957550142
2305,1.04250573161
2306,1.05415851525
2307,1.04740940644
2308,1.05641974646
2309,1.05817060244
2310,1.0620783011
2311,1.05011061594
2312,1.05824175677
2313,1.04784686773
2314,1.04990873608
2315,1.06268510099
2316,1.04265752741
2317,1.06066541269
2318,1.05804122713
2319,1.05503786299
2320,1.04274558281
2321,1.05016351271
2322,1.0382614552
2323,1.04634626983
2324,1.04791462626
2325,1.05065509394
2326,1.07062379986
2327,1.04849748462
2328,1.05308197685
2329,1.04618863385
2330,1.04548291068
2331,1.04741945576
2332,1.05381551671
2333,1.03340485766
2334,1.04879922614
2335,1.04859200268
2336,1.04518043658
2337,1.04996036387
2338,1.03509833726
2339,1.05446101572
2340,1.06053828901
2341,1.05297102756
2342,1.04600038131
2343,1.05697082331
2344,1.05468819103
2345,1.06251614357
2346,1.05674673674
2347,1.05525849916
2348,1.05443539361
2349,1.05573302438
2350,1.05171077508
2351,1.06603246908
2352,1.05107350391
2353,1.04550868949
2354,1.04973376988
2355,1.05702295032
2356,1.04600529691
2357,1.06256413297
2358,1.04720706145
2359,1.04136562811
2360,1.04541267377
2361,1.043258151
2362,1.04394846552
2363,1.04481906617
2364,1.04905954679
2365,1.03489739414
2366,1.04269040937
2367,1.041651943
2368,1.02829185197
2369,1.02846914491
2370,1.02688350151
2371,1.03622996915
2372,1.03506074928
2373,1.03545303471
2374,1.02417266356
2375,1.02456844761
2376,1.02474937971
2377,1.02473731421
2378,1.03670313776
2379,1.03048409772
2380,1.0345419778
2381,1.03387084465
2382,1.03589810658
2383,1.0317750966
2384,1.03041566813
2385,1.04009184116
2386,1.03379204166
2387,1.03558565853
2388,1.04938014721
2389,1.04001662697
2390,1.06296552475
2391,1.04334162931
2392,1.04868897488
2393,1.03532656396
2394,1.02712565805
2395,1.0495095776
2396,1.04117420842
2397,1.03467852592
2398,1.06113049013
2399,1.04099762641
2400,1.0534394001
2401,1.03452410789
2402,1.05202364523
2403,1.03646978814
2404,1.05537090775
2405,1.03009982306
2406,1.03006594357
2407,1.04958814483
2408,1.0265958
2409,1.05740874124
2410,1.04190861303
2411,1.04757113231
2412,1.05399596422
2413,1.04375098458
2414,1.0492924819
2415,1.02690102109
2416,1.06047464565
2417,1.04924653899
2418,1.05026225639
2419,1.03415961622
2420,1.03821031878
2421,1.02609479812
2422,1.04395875149
2423,1.05607290203
2424,1.04422219428
2425,1.0422206508
2426,1.05548218956
2427,1.05196451776
2428,1.036016841
2429,1.05919875781
2430,1.04411211899
2431,1.04503224861
2432,1.01760504741
2433,1.03490807611
2434,1.02473064496
2435,1.03759160138
2436,1.04721000372
2437,1.04397771281
2438,1.0497748383
2439,1.06705509312
2440,1.06941415594
2441,1.04828981491
2442,1.0426777439
2443,1.05496143043
2444,1.02687773563
2445,1.06188724017
2446,1.04433858081
2447,1.0314087584
2448,1.03273281277
2449,1.05444220956
2450,1.04653015541
2451,1.04627861049
2452,1.02711378845
2453,1.02358446199
2454,1.0325424703
2455,1.04258259147
2456,1.02355724621
2457,1.02818138948
2458,1.03261475324
2459,1.04088179583
2460,1.02822770929
2461,1.0351019714
2462,1.04276961525
2463,1.02658354111
2464,1.02922492168
2465,1.04597102688
2466,1.02369030786
2467,1.04607837921
2468,1.02027977444
2469,1.05320585248
2470,1.03055046028
2471,1.0631190239
2472,1.04762777656
2473,1.05682468443
2474,1.03159711387
2475,1.02869104582
2476,1.03169104453
2477,1.04095746181
2478,1.04174345361
2479,1.05273967842
2480,1.04946986639
2481,1.05461664008
2482,1.05115923491
2483,1.05557733335
2484,1.0493539083
2485,1.04618083726
2486,1.04144062386
2487,1.04642157641
2488,1.05283734839
2489,1.03626467684
2490,1.05423437084
2491,1.05742452713
2492,1.03835516964
2493,1.05630093179
2494,1.05957652681
2495,1.06297283863
2496,1.05945872921
2497,1.0523773581
2498,1.0577857831
2499,1.05435786296
2500,1.07325404542
2501,1.05364860443
2502,1.06648116251
2503,1.05263558277
2504,1.06128264466
2505,1.05444583184
2506,1.05684271243
2507,1.05949855557
2508,1.05582553358
2509,1.05428303444
2510,1.05497186022
2511,1.05933902284
2512,1.05184431747
2513,1.05293719449
2514,1.05732791384
2515,1.05494461883
2516,1.04934783327
